player_name,total_points,gws,cost,position,points_per_match,points_last_6,points_per_match_last_6,cost_per_point,cost_per_point_last_6,cost_point_index,cost_point_index_last_6
Aaron_Connolly,41.0,26.0,4,4,1.58,2.0,1.0,0.0976,2.0,0.2079,0.0
Aaron_Cresswell,275.0,143.0,4,2,1.92,7.0,1.01,0.0145,0.5714,0.2526,0.1111
Aaron_Lennon,143.0,143.0,4,3,1.0,1.0,1.0,0.028,4.0,0.1316,1.0E-4
Aaron_Mooy,253.0,105.0,4,3,2.41,21.0,1.04,0.0158,0.1905,0.3171,0.4444
Aaron_Ramsdale,96.0,63.0,4,1,1.52,16.0,1.03,0.0417,0.25,0.2,0.3333
Aaron_Wan-Bissaka,220.0,111.0,5,2,1.98,35.0,1.06,0.0227,0.1429,0.2605,0.6667
Abd-Al-Ali Morakinyo Olaposi_Koiki,0.0,29.0,4,2,0.0,0.0,1.0,0.0,0.0,0.0,0.0
Abdoulaye_Doucouré,391.0,143.0,5,3,2.73,21.0,1.04,0.0128,0.2381,0.3592,0.4444
Adama_Traoré,204.0,102.0,5,3,2.0,13.0,1.02,0.0245,0.3846,0.2632,0.2222
Adam_Idah,4.0,25.0,4,4,0.16,1.0,1.0,1.0,4.0,0.0211,1.0E-4
Adam_Lallana,202.0,143.0,5,3,1.41,3.0,1.01,0.0248,1.6667,0.1855,0.1111
Adam_Masina,74.0,67.0,4,2,1.1,19.0,1.03,0.0541,0.2105,0.1447,0.3333
Adam_Smith,269.0,143.0,4,2,1.88,6.0,1.01,0.0149,0.6667,0.2474,0.1111
Adam_Webster,69.0,29.0,4,2,2.38,17.0,1.03,0.058,0.2353,0.3132,0.3333
Addji Keaninkin Marc-Israel_Guehi,0.0,24.0,4,2,0.0,0.0,1.0,0.0,0.0,0.0,0.0
Ademola_Lookman,60.0,123.0,5,3,0.49,0.0,1.0,0.0833,0.0,0.0645,0.0
Adrian_Mariappa,154.0,140.0,4,2,1.1,1.0,1.0,0.026,4.0,0.1447,1.0E-4
Adrián_San Miguel del Castillo,163.0,143.0,4,1,1.14,2.0,1.0,0.0245,2.0,0.15,0.0
Ahmed_El Mohamady,20.0,28.0,4,2,0.71,1.0,1.0,0.2,4.0,0.0934,1.0E-4
Ainsley_Maitland-Niles,96.0,130.0,4,2,0.74,2.0,1.0,0.0417,2.0,0.0974,0.0
Akin_Famewo,0.0,22.0,4,2,0.0,0.0,1.0,0.0,0.0,0.0,0.0
Albian_Ajeti,8.0,29.0,5,4,0.28,0.0,1.0,0.625,0.0,0.0369,0.0
Alexander_Tettey,55.0,29.0,4,3,1.9,14.0,1.02,0.0727,0.2857,0.25,0.2222
Alexandre Nascimento_Costa Silva,1.0,51.0,4,4,0.02,0.0,1.0,4.0,0.0,0.0027,0.0
Alexandre_Lacazette,382.0,104.0,9,4,3.67,22.0,1.04,0.0236,0.4091,0.4829,0.4444
Alexis_Mac Allister,1.0,3.0,5,3,0.33,1.0,1.0,5.0,5.0,0.0435,1.0E-4
Alexis_Sánchez,463.0,143.0,6,3,3.24,0.0,1.0,0.013,0.0,0.4263,0.0
Alex_Iwobi,315.0,143.0,5,3,2.2,3.0,1.01,0.0159,1.6667,0.2895,0.1111
Alex_McCarthy,193.0,143.0,4,1,1.35,30.0,1.05,0.0207,0.1333,0.1776,0.5556
Alex_Oxlade-Chamberlain,235.0,143.0,6,3,1.64,24.0,1.04,0.0255,0.25,0.2158,0.4444
Alfie_Whiteman,0.0,85.0,4,1,0.0,0.0,1.0,0.0,0.0,0.0,0.0
Alireza_Jahanbakhsh,59.0,67.0,5,3,0.88,7.0,1.01,0.0847,0.7143,0.1158,0.1111
Alisson_Ramses Becker,265.0,67.0,6,1,3.96,23.0,1.04,0.0226,0.2609,0.5211,0.4444
Allan_Saint-Maximin,55.0,29.0,5,3,1.9,18.0,1.03,0.0909,0.2778,0.25,0.3333
Andreas_Christensen,123.0,105.0,4,2,1.17,3.0,1.01,0.0325,1.3333,0.1539,0.1111
Andreas_Pereira,85.0,143.0,4,3,0.59,5.0,1.01,0.0471,0.8,0.0776,0.1111
Andrew_Robertson,534.0,143.0,7,2,3.73,26.0,1.04,0.0131,0.2692,0.4908,0.4444
Andrew_Surman,168.0,143.0,4,3,1.17,3.0,1.01,0.0238,1.3333,0.1539,0.1111
Andre_Gray,306.0,143.0,5,4,2.14,2.0,1.0,0.0163,2.5,0.2816,0.0
Andre_Green,0.0,28.0,4,3,0.0,0.0,1.0,0.0,0.0,0.0,0.0
Andriy_Yarmolenko,76.0,67.0,5,3,1.13,0.0,1.0,0.0658,0.0,0.1487,0.0
Andros_Townsend,406.0,143.0,5,3,2.84,1.0,1.0,0.0123,5.0,0.3737,1.0E-4
André Filipe_Tavares Gomes,80.0,67.0,5,3,1.19,3.0,1.01,0.0625,1.6667,0.1566,0.1111
Andy_Carroll,142.0,143.0,5,4,0.99,0.0,1.0,0.0352,0.0,0.1303,0.0
Andy_King,92.0,105.0,4,3,0.88,0.0,1.0,0.0435,0.0,0.1158,0.0
Andy_Lonergan,0.0,28.0,4,1,0.0,0.0,1.0,0.0,0.0,0.0,0.0
Angelo_Ogbonna,235.0,143.0,4,2,1.64,5.0,1.01,0.017,0.8,0.2158,0.1111
Angel_Gomes,5.0,50.0,4,3,0.1,0.0,1.0,0.8,0.0,0.0132,0.0
Angus_Gunn,76.0,72.0,4,1,1.06,0.0,1.0,0.0526,0.0,0.1395,0.0
Anthony_Driscoll-Glennon,0.0,17.0,3,2,0.0,0.0,1.0,0.0,0.0,0.0,0.0
Anthony_Gordon,2.0,18.0,4,4,0.11,1.0,1.0,2.0,4.0,0.0145,1.0E-4
Anthony_Knockaert,162.0,105.0,5,3,1.54,0.0,1.0,0.0309,0.0,0.2026,0.0
Anthony_Martial,464.0,143.0,7,3,3.24,31.0,1.05,0.0151,0.2258,0.4263,0.5556
Antonio_Rüdiger,274.0,105.0,6,2,2.61,23.0,1.04,0.0219,0.2609,0.3434,0.4444
Anwar_El Ghazi,79.0,28.0,5,3,2.82,12.0,1.02,0.0633,0.4167,0.3711,0.2222
Archie_Mair,0.0,22.0,4,1,0.0,0.0,1.0,0.0,0.0,0.0,0.0
Armando_Broja,1.0,1.0,4,4,1.0,1.0,1.0,4.0,4.0,0.1317,1.0E-4
Arnaut_Danjuma Groeneveld,18.0,29.0,5,3,0.62,0.0,1.0,0.2778,0.0,0.0816,0.0
Arthur_Masuaku,176.0,143.0,4,2,1.23,1.0,1.0,0.0227,4.0,0.1618,1.0E-4
Artur_Boruc,166.0,143.0,4,1,1.16,0.0,1.0,0.0241,0.0,0.1526,0.0
Ashley_Barnes,356.0,143.0,6,4,2.49,0.0,1.0,0.0169,0.0,0.3276,0.0
Ashley_Westwood,250.0,120.0,5,3,2.08,21.0,1.04,0.02,0.2381,0.2737,0.4444
Ashley_Young,221.0,143.0,5,2,1.55,0.0,1.0,0.0226,0.0,0.2039,0.0
Asmir_Begovic,177.0,143.0,4,1,1.24,0.0,1.0,0.0226,0.0,0.1632,0.0
Axel_Tuanzebe,22.0,78.0,4,2,0.28,0.0,1.0,0.1818,0.0,0.0368,0.0
Aymeric_Laporte,234.0,80.0,6,2,2.93,13.0,1.02,0.0256,0.4615,0.3855,0.2222
Ayotomiwa_Dele-Bashiru,0.0,17.0,4,3,0.0,0.0,1.0,0.0,0.0,0.0,0.0
Ayoze_Pérez,375.0,105.0,6,3,3.57,23.0,1.04,0.016,0.2609,0.4697,0.4444
Bailey_Peacock-Farrell,0.0,29.0,4,1,0.0,0.0,1.0,0.0,0.0,0.0,0.0
Bamidele_Alli,608.0,143.0,8,3,4.25,34.0,1.06,0.0132,0.2353,0.5592,0.6667
Beni_Baningime,7.0,88.0,4,3,0.08,0.0,1.0,0.5714,0.0,0.0105,0.0
Benjamin_Chilwell,296.0,143.0,5,2,2.07,18.0,1.03,0.0169,0.2778,0.2724,0.3333
Benjamin_Mendy,128.0,104.0,5,2,1.23,18.0,1.03,0.0391,0.2778,0.1618,0.3333
Ben_Davies,309.0,143.0,5,2,2.16,2.0,1.0,0.0162,2.5,0.2842,0.0
Ben_Foster,476.0,143.0,4,1,3.33,15.0,1.03,0.0084,0.2667,0.4382,0.3333
Ben_Gibson,127.0,105.0,3,2,1.21,0.0,1.0,0.0236,0.0,0.1592,0.0
Ben_Godfrey,32.0,29.0,4,2,1.1,8.0,1.01,0.125,0.5,0.1447,0.1111
Ben_Johnson,2.0,64.0,3,2,0.03,0.0,1.0,1.5,0.0,0.004,0.0
Ben_Mee,352.0,143.0,5,2,2.46,29.0,1.05,0.0142,0.1724,0.3237,0.5556
Ben_Osborn,7.0,28.0,4,3,0.25,3.0,1.01,0.5714,1.3333,0.0329,0.1111
Beram_Kayal,61.0,105.0,4,3,0.58,0.0,1.0,0.0656,0.0,0.0763,0.0
Bernardo Mota_Veiga de Carvalho e Silva,352.0,104.0,7,3,3.38,14.0,1.02,0.0199,0.5,0.4447,0.2222
Bernardo_Costa Da Rosa,0.0,9.0,4,3,0.0,0.0,1.0,0.0,0.0,0.0,0.0
Bernardo_Fernandes da Silva Junior,57.0,67.0,4,2,0.85,1.0,1.0,0.0702,4.0,0.1118,1.0E-4
Bernard_Anício Caldeira Duarte,148.0,67.0,6,3,2.21,17.0,1.03,0.0405,0.3529,0.2908,0.3333
Bernard_Ashley-Seal,0.0,20.0,4,4,0.0,0.0,1.0,0.0,0.0,0.0,0.0
Bernd_Leno,214.0,66.0,5,1,3.24,31.0,1.05,0.0234,0.1613,0.4263,0.5556
Billy_Gilmour,5.0,26.0,4,3,0.19,3.0,1.01,0.8,1.3333,0.025,0.1111
Billy_Sharp,40.0,28.0,5,4,1.43,24.0,1.04,0.125,0.2083,0.1882,0.4444
Birkir_Bjarnason,0.0,28.0,4,3,0.0,0.0,1.0,0.0,0.0,0.0,0.0
Bjorn_Engels,42.0,28.0,4,2,1.5,8.0,1.01,0.0952,0.5,0.1974,0.1111
Borja_González Tomás,2.0,3.0,5,4,0.67,2.0,1.0,2.5,2.5,0.0882,0.0
Brandon_Austin,0.0,21.0,4,1,0.0,0.0,1.0,0.0,0.0,0.0,0.0
Brandon_Pierrick,1.0,12.0,4,3,0.08,0.0,1.0,4.0,0.0,0.0106,0.0
Brandon_Williams,39.0,23.0,4,2,1.7,13.0,1.02,0.1026,0.3077,0.2237,0.2222
Bruno André_Cavaco Jordao,0.0,7.0,4,3,0.0,0.0,1.0,0.0,0.0,0.0,0.0
Bruno Miguel_Borges Fernandes,38.0,5.0,8,3,7.6,38.0,1.06,0.2105,0.2105,1.0,0.6667
Bukayo_Saka,44.0,45.0,4,3,0.98,23.0,1.04,0.0909,0.1739,0.1289,0.4444
Callum_Hudson-Odoi,65.0,87.0,5,3,0.75,7.0,1.01,0.0769,0.7143,0.0987,0.1111
Callum_Robinson,33.0,28.0,5,3,1.18,2.0,1.0,0.1515,2.5,0.1553,0.0
Callum_Slattery,4.0,47.0,4,3,0.09,0.0,1.0,1.0,0.0,0.0119,0.0
Callum_Wilson,428.0,143.0,7,4,2.99,25.0,1.04,0.0164,0.28,0.3934,0.4444
Calum_Chambers,208.0,142.0,4,2,1.46,0.0,1.0,0.0192,0.0,0.1921,0.0
Caoimhin_Kelleher,0.0,28.0,4,1,0.0,0.0,1.0,0.0,0.0,0.0,0.0
Carlos_Sánchez,16.0,67.0,4,3,0.24,0.0,1.0,0.25,0.0,0.0316,0.0
Carl_Jenkinson,6.0,119.0,4,2,0.05,0.0,1.0,0.6667,0.0,0.0066,0.0
Cenk_Tosun,135.0,83.0,5,4,1.63,4.0,1.01,0.037,1.25,0.2145,0.1111
Charlie_Austin,180.0,143.0,6,4,1.26,0.0,1.0,0.0333,0.0,0.1658,0.0
Charlie_Daniels,275.0,143.0,4,2,1.92,0.0,1.0,0.0145,0.0,0.2526,0.0
Charlie_Taylor,160.0,105.0,4,2,1.52,27.0,1.05,0.025,0.1481,0.2,0.5556
Cheikhou_Kouyaté,304.0,143.0,4,3,2.13,12.0,1.02,0.0132,0.3333,0.2803,0.2222
Che_Adams,39.0,29.0,5,4,1.34,8.0,1.01,0.1282,0.625,0.1763,0.1111
Christian_Atsu,169.0,105.0,5,3,1.61,2.0,1.0,0.0296,2.5,0.2118,0.0
Christian_Benteke,286.0,143.0,5,4,2.0,16.0,1.03,0.0175,0.3125,0.2632,0.3333
Christian_Eriksen,626.0,143.0,8,3,4.38,1.0,1.0,0.0128,8.0,0.5763,1.0E-4
Christian_Fuchs,188.0,143.0,4,2,1.31,2.0,1.0,0.0213,2.0,0.1724,0.0
Christian_Kabasele,199.0,143.0,4,2,1.39,14.0,1.02,0.0201,0.2857,0.1829,0.2222
Christian_Pulisic,70.0,29.0,6,3,2.41,0.0,1.0,0.0857,0.0,0.3171,0.0
Christian_Saydee,0.0,16.0,4,3,0.0,0.0,1.0,0.0,0.0,0.0,0.0
Christoph_Zimmermann,35.0,29.0,4,2,1.21,9.0,1.02,0.1143,0.4444,0.1592,0.2222
Chris_Basham,90.0,28.0,4,2,3.21,22.0,1.04,0.0444,0.1818,0.4224,0.4444
Chris_Mepham,53.0,44.0,4,2,1.2,0.0,1.0,0.0755,0.0,0.1579,0.0
Chris_Smalling,231.0,143.0,5,2,1.62,0.0,1.0,0.0216,0.0,0.2132,0.0
Chris_Wood,344.0,103.0,6,4,3.34,25.0,1.04,0.0174,0.24,0.4395,0.4444
Ciaran_Clark,155.0,105.0,4,2,1.48,7.0,1.01,0.0258,0.5714,0.1947,0.1111
Claudio_Bravo,94.0,140.0,4,1,0.67,0.0,1.0,0.0426,0.0,0.0882,0.0
Connor_Wickham,42.0,143.0,4,4,0.29,1.0,1.0,0.0952,4.0,0.0382,1.0E-4
Conor_Coady,177.0,67.0,5,2,2.64,29.0,1.05,0.0282,0.1724,0.3474,0.5556
Conor_Hourihane,52.0,28.0,5,3,1.86,2.0,1.0,0.0962,2.5,0.2447,0.0
Craig_Cathcart,214.0,143.0,4,2,1.5,11.0,1.02,0.0187,0.3636,0.1974,0.2222
Craig_Dawson,226.0,105.0,4,2,2.15,2.0,1.0,0.0177,2.0,0.2829,0.0
Curtis_Jones,2.0,34.0,4,3,0.06,1.0,1.0,2.0,4.0,0.0079,1.0E-4
Cédric_Soares,282.0,143.0,4,2,1.97,1.0,1.0,0.0142,4.0,0.2592,1.0E-4
César_Azpilicueta,591.0,143.0,5,2,4.13,18.0,1.03,0.0085,0.2778,0.5434,0.3333
Dale_Stephens,200.0,105.0,4,3,1.9,4.0,1.01,0.02,1.0,0.25,0.1111
Daniel_Amartey,81.0,143.0,4,3,0.57,0.0,1.0,0.0494,0.0,0.075,0.0
Daniel_Castelo Podence,4.0,5.0,5,3,0.8,4.0,1.01,1.25,1.25,0.1053,0.1111
Daniel_Ceballos Fernández,35.0,28.0,5,3,1.25,8.0,1.01,0.1429,0.625,0.1645,0.1111
Daniel_Drinkwater,99.0,142.0,4,3,0.7,3.0,1.01,0.0404,1.3333,0.0921,0.1111
Daniel_James,89.0,58.0,5,3,1.53,14.0,1.02,0.0562,0.3571,0.2013,0.2222
Daniel_N'Lundulu,0.0,26.0,4,4,0.0,0.0,1.0,0.0,0.0,0.0,0.0
Danilo Luiz_da Silva,146.0,104.0,5,2,1.4,0.0,1.0,0.0342,0.0,0.1842,0.0
Danny_Ings,248.0,143.0,7,4,1.73,15.0,1.03,0.0282,0.4667,0.2276,0.3333
Danny_Rose,225.0,143.0,5,2,1.57,14.0,1.02,0.0222,0.3571,0.2066,0.2222
Danny_Ward,22.0,141.0,4,1,0.16,0.0,1.0,0.1818,0.0,0.0211,0.0
Danny_Welbeck,137.0,143.0,5,4,0.96,4.0,1.01,0.0365,1.25,0.1263,0.1111
Dan_Burn,57.0,44.0,4,2,1.3,10.0,1.02,0.0702,0.4,0.1711,0.2222
Dan_Gosling,201.0,143.0,4,3,1.41,12.0,1.02,0.0199,0.3333,0.1855,0.2222
Darren_Randolph,72.0,84.0,4,1,0.86,0.0,1.0,0.0556,0.0,0.1132,0.0
Daryl_Janmaat,195.0,141.0,4,2,1.38,0.0,1.0,0.0205,0.0,0.1816,0.0
Davide_Zappacosta,67.0,102.0,4,2,0.66,0.0,1.0,0.0597,0.0,0.0868,0.0
David_Brooks,123.0,67.0,6,3,1.84,0.0,1.0,0.0488,0.0,0.2421,0.0
David_Button,15.0,67.0,3,1,0.22,0.0,1.0,0.2,0.0,0.029,0.0
David_de Gea,411.0,105.0,5,1,3.91,32.0,1.05,0.0122,0.1563,0.5145,0.5556
David_Luiz Moreira Marinho,407.0,139.0,5,2,2.93,25.0,1.04,0.0123,0.2,0.3855,0.4444
David_Martin,20.0,22.0,4,1,0.91,0.0,1.0,0.2,0.0,0.1197,0.0
David_McGoldrick,42.0,28.0,5,4,1.5,2.0,1.0,0.119,2.5,0.1974,0.0
David_Silva,532.0,142.0,7,3,3.75,5.0,1.01,0.0132,1.4,0.4934,0.1111
Davinson_Sánchez,224.0,103.0,5,2,2.17,14.0,1.02,0.0223,0.3571,0.2855,0.2222
Davy_Pröpper,223.0,105.0,4,3,2.12,17.0,1.03,0.0179,0.2353,0.2789,0.3333
DeAndre_Yedlin,174.0,143.0,4,2,1.22,0.0,1.0,0.023,0.0,0.1605,0.0
Dean_Henderson,122.0,28.0,5,1,4.36,35.0,1.06,0.041,0.1429,0.5737,0.6667
Declan_Rice,200.0,126.0,4,3,1.59,14.0,1.02,0.02,0.2857,0.2092,0.2222
Dejan_Lovren,296.0,143.0,5,2,2.07,1.0,1.0,0.0169,5.0,0.2724,1.0E-4
Demarai_Gray,246.0,143.0,5,3,1.72,0.0,1.0,0.0203,0.0,0.2263,0.0
Dennis_Praet,48.0,29.0,5,3,1.66,7.0,1.01,0.1042,0.7143,0.2184,0.1111
Dennis_Srbeny,13.0,29.0,5,4,0.45,0.0,1.0,0.3846,0.0,0.0592,0.0
Diego_Rico,69.0,67.0,4,2,1.03,8.0,1.01,0.058,0.5,0.1355,0.1111
Dimitri_Foulquier,1.0,25.0,4,2,0.04,0.0,1.0,4.0,0.0,0.0053,0.0
Diogo_Jota,227.0,67.0,6,4,3.39,35.0,1.06,0.0264,0.1714,0.4461,0.6667
Divock_Origi,181.0,135.0,5,4,1.34,7.0,1.01,0.0276,0.7143,0.1763,0.1111
Djibril_Sidibé,64.0,29.0,5,2,2.21,6.0,1.01,0.0781,0.8333,0.2908,0.1111
Domingos_Quina,21.0,118.0,4,3,0.18,0.0,1.0,0.1905,0.0,0.0237,0.0
Dominic_Calvert-Lewin,308.0,134.0,6,4,2.3,33.0,1.06,0.0195,0.1818,0.3026,0.6667
Dominic_Solanke,94.0,136.0,5,4,0.69,11.0,1.02,0.0532,0.4545,0.0908,0.2222
Douglas Luiz_Soares de Paulo,71.0,28.0,4,3,2.54,17.0,1.03,0.0563,0.2353,0.3342,0.3333
Dwight_Gayle,110.0,98.0,5,4,1.12,4.0,1.01,0.0455,1.25,0.1474,0.1111
Dwight_McNeil,175.0,65.0,6,3,2.69,29.0,1.05,0.0343,0.2069,0.3539,0.5556
Ederson_Santana de Moraes,409.0,104.0,6,1,3.93,23.0,1.04,0.0147,0.2609,0.5171,0.4444
Edward_Nketiah,25.0,84.0,4,4,0.3,12.0,1.02,0.16,0.3333,0.0395,0.2222
Eldin_Jakupovic,90.0,143.0,4,1,0.63,0.0,1.0,0.0444,0.0,0.0829,0.0
Emerson_Palmieri dos Santos,54.0,80.0,5,2,0.68,0.0,1.0,0.0926,0.0,0.0895,0.0
Emile_Smith Rowe,4.0,12.0,4,3,0.33,0.0,1.0,1.0,0.0,0.0434,0.0
Emiliano_Buendía,80.0,29.0,6,3,2.76,7.0,1.01,0.075,0.8571,0.3632,0.1111
Emiliano_Martínez,0.0,59.0,4,1,0.0,0.0,1.0,0.0,0.0,0.0,0.0
Emil_Krafth,21.0,29.0,4,2,0.72,1.0,1.0,0.1905,4.0,0.0947,1.0E-4
Enda_Stevens,110.0,28.0,5,2,3.93,25.0,1.04,0.0455,0.2,0.5171,0.4444
Eric_Bailly,183.0,143.0,4,2,1.28,7.0,1.01,0.0219,0.5714,0.1684,0.1111
Eric_Dier,259.0,143.0,4,3,1.81,10.0,1.02,0.0154,0.4,0.2382,0.2222
Eric_Garcia,11.0,23.0,4,2,0.48,1.0,1.0,0.3636,4.0,0.0632,1.0E-4
Erik_Lamela,200.0,143.0,5,3,1.4,12.0,1.02,0.025,0.4167,0.1842,0.2222
Erik_Pieters,216.0,105.0,4,2,2.06,0.0,1.0,0.0185,0.0,0.2711,0.0
Ethan_Ampadu,1.0,97.0,4,3,0.01,0.0,1.0,4.0,0.0,0.0014,0.0
Etienne_Capoue,320.0,143.0,4,3,2.24,18.0,1.03,0.0125,0.2222,0.2947,0.3333
Ezequiel_Schelotto,27.0,96.0,4,2,0.28,3.0,1.01,0.1481,1.3333,0.0368,0.1111
Ezri_Konsa Ngoyo,30.0,28.0,4,2,1.07,9.0,1.02,0.1333,0.4444,0.1408,0.2222
Fabian_Delph,121.0,143.0,5,2,0.85,0.0,1.0,0.0413,0.0,0.1118,0.0
Fabian_Schär,146.0,67.0,5,2,2.18,6.0,1.01,0.0342,0.8333,0.2868,0.1111
Fabio Henrique_Tavares,110.0,67.0,5,3,1.64,11.0,1.02,0.0455,0.4545,0.2158,0.2222
Fabián_Balbuena,97.0,67.0,4,2,1.45,0.0,1.0,0.0412,0.0,0.1908,0.0
Faustino_Anjorin,1.0,1.0,4,3,1.0,1.0,1.0,4.0,4.0,0.1317,1.0E-4
Federico_Fernández,280.0,143.0,4,2,1.96,28.0,1.05,0.0143,0.1429,0.2579,0.5556
Felipe Anderson_Pereira Gomes,216.0,67.0,6,3,3.22,4.0,1.01,0.0278,1.5,0.4237,0.1111
Fernando_Luiz Rosa,321.0,142.0,5,3,2.26,8.0,1.01,0.0156,0.625,0.2974,0.1111
Fikayo_Tomori,48.0,67.0,4,2,0.72,1.0,1.0,0.0833,4.0,0.0947,1.0E-4
Filip_Benkovic,0.0,46.0,3,2,0.0,0.0,1.0,0.0,0.0,0.0,0.0
Florian_Lejeune,125.0,105.0,4,2,1.19,14.0,1.02,0.032,0.2857,0.1566,0.2222
Florin_Andone,43.0,67.0,4,4,0.64,0.0,1.0,0.093,0.0,0.0842,0.0
Francisco_Femenía Far,167.0,105.0,4,2,1.59,7.0,1.01,0.024,0.5714,0.2092,0.1111
Fraser_Forster,209.0,143.0,4,1,1.46,0.0,1.0,0.0191,0.0,0.1921,0.0
Frederick_Woodman,0.0,55.0,4,1,0.0,0.0,1.0,0.0,0.0,0.0,0.0
Frederico_Rodrigues de Paula Santos,86.0,67.0,5,3,1.28,13.0,1.02,0.0581,0.3846,0.1684,0.2222
Frédéric_Guilbert,48.0,28.0,4,2,1.71,5.0,1.01,0.0833,0.8,0.225,0.1111
Gabriel Fernando_de Jesus,369.0,122.0,9,4,3.02,13.0,1.02,0.0244,0.6923,0.3974,0.2222
Gabriel Teodoro_Martinelli Silva,39.0,28.0,4,4,1.39,18.0,1.03,0.1026,0.2222,0.1829,0.3333
Gary_Cahill,313.0,143.0,4,2,2.19,22.0,1.04,0.0128,0.1818,0.2882,0.4444
Gavin_Kilkenny,0.0,16.0,4,3,0.0,0.0,1.0,0.0,0.0,0.0,0.0
Gaëtan_Bong,114.0,105.0,4,2,1.09,0.0,1.0,0.0351,0.0,0.1434,0.0
Gedson_Carvalho Fernandes,4.0,7.0,4,3,0.57,3.0,1.01,1.0,1.3333,0.075,0.1111
Georges-Kévin_Nkoudou,24.0,140.0,5,3,0.17,0.0,1.0,0.2083,0.0,0.0224,0.0
George_Baldock,115.0,28.0,5,2,4.11,18.0,1.03,0.0435,0.2778,0.5408,0.3333
Georginio_Wijnaldum,427.0,143.0,5,3,2.99,20.0,1.03,0.0117,0.25,0.3934,0.3333
Gerard_Deulofeu,259.0,119.0,6,4,2.18,15.0,1.03,0.0232,0.4,0.2868,0.3333
Giovani_Lo Celso,25.0,29.0,7,3,0.86,7.0,1.01,0.28,1.0,0.1132,0.1111
Giovanni_McGregor,0.0,7.0,4,3,0.0,0.0,1.0,0.0,0.0,0.0,0.0
Glenn_Murray,269.0,105.0,5,4,2.56,11.0,1.02,0.0186,0.4545,0.3368,0.2222
Gonçalo Bento_Soares Cardoso,0.0,9.0,4,2,0.0,0.0,1.0,0.0,0.0,0.0,0.0
Grady_Diangana,25.0,69.0,4,3,0.36,0.0,1.0,0.16,0.0,0.0474,0.0
Granit_Xhaka,331.0,142.0,5,3,2.33,12.0,1.02,0.0151,0.4167,0.3066,0.2222
Grant_Hanley,23.0,67.0,4,2,0.34,17.0,1.03,0.1739,0.2353,0.0447,0.3333
Gylfi_Sigurdsson,528.0,143.0,7,3,3.69,14.0,1.02,0.0133,0.5,0.4855,0.2222
Hamza_Choudhury,63.0,92.0,4,3,0.68,5.0,1.01,0.0635,0.8,0.0895,0.1111
Harry_Kane,705.0,143.0,10,4,4.93,0.0,1.0,0.0142,0.0,0.6487,0.0
Harry_Lewis,0.0,42.0,4,1,0.0,0.0,1.0,0.0,0.0,0.0,0.0
Harry_Maguire,369.0,143.0,5,2,2.58,34.0,1.06,0.0136,0.1471,0.3395,0.6667
Harry_Wilson,84.0,40.0,5,3,2.1,18.0,1.03,0.0595,0.2778,0.2763,0.3333
Harry_Winks,149.0,143.0,5,3,1.04,8.0,1.01,0.0336,0.625,0.1368,0.1111
Harvey_Barnes,158.0,52.0,6,3,3.04,44.0,1.07,0.038,0.1364,0.4,0.7778
Harvey_Elliott,3.0,27.0,4,3,0.11,0.0,1.0,1.3333,0.0,0.0145,0.0
Henrikh_Mkhitaryan,282.0,142.0,6,3,1.99,0.0,1.0,0.0213,0.0,0.2618,0.0
Henri_Lansbury,11.0,28.0,4,3,0.39,0.0,1.0,0.3636,0.0,0.0513,0.0
Heung-Min_Son,633.0,143.0,9,3,4.43,28.0,1.05,0.0142,0.3214,0.5829,0.5556
Heurelho da Silva_Gomes,0.0,29.0,4,1,0.0,0.0,1.0,0.0,0.0,0.0,0.0
Hugo_Lloris,483.0,143.0,5,1,3.38,28.0,1.05,0.0104,0.1786,0.4447,0.5556
Héctor_Bellerín,336.0,142.0,5,2,2.37,24.0,1.04,0.0149,0.2083,0.3118,0.4444
Hélder_Costa,52.0,67.0,4,3,0.78,0.0,1.0,0.0769,0.0,0.1026,0.0
Ibrahim_Amadou,18.0,29.0,4,3,0.62,0.0,1.0,0.2222,0.0,0.0816,0.0
Idrissa_Gueye,245.0,143.0,5,3,1.71,0.0,1.0,0.0204,0.0,0.225,0.0
Ignacio_Pussetto,5.0,7.0,4,3,0.71,4.0,1.01,0.8,1.0,0.0934,0.1111
Ilkay_Gündogan,288.0,142.0,5,3,2.03,8.0,1.01,0.0174,0.625,0.2671,0.1111
Indiana_Vassilev,2.0,7.0,4,3,0.29,2.0,1.0,2.0,2.0,0.0382,0.0
Isaac_Hayden,171.0,105.0,4,3,1.63,13.0,1.02,0.0234,0.3077,0.2145,0.2222
Isaac_Success Ajayi,46.0,67.0,4,4,0.69,0.0,1.0,0.087,0.0,0.0908,0.0
Ismaïla_Sarr,78.0,29.0,6,3,2.69,22.0,1.04,0.0769,0.2727,0.3539,0.4444
Issa_Diop,141.0,67.0,4,2,2.1,18.0,1.03,0.0284,0.2222,0.2763,0.3333
Ivan_Cavaleiro,48.0,67.0,4,3,0.72,0.0,1.0,0.0833,0.0,0.0947,0.0
Jack_Colback,0.0,67.0,4,3,0.0,0.0,1.0,0.0,0.0,0.0,0.0
Jack_Cork,299.0,143.0,4,3,2.09,15.0,1.03,0.0134,0.2667,0.275,0.3333
Jack_Grealish,118.0,28.0,6,3,4.21,23.0,1.04,0.0508,0.2609,0.5539,0.4444
Jack_O'Connell,96.0,28.0,4,2,3.43,21.0,1.04,0.0417,0.1905,0.4513,0.4444
Jack_Robinson,0.0,4.0,4,2,0.0,0.0,1.0,0.0,0.0,0.0,0.0
Jack_Simpson,15.0,93.0,4,2,0.16,1.0,1.0,0.2667,4.0,0.0211,1.0E-4
Jack_Stacey,30.0,29.0,4,2,1.03,7.0,1.01,0.1333,0.5714,0.1355,0.1111
Jack_Stephens,229.0,143.0,4,2,1.6,19.0,1.03,0.0175,0.2105,0.2105,0.3333
Jack_Wilshere,130.0,143.0,4,3,0.91,0.0,1.0,0.0308,0.0,0.1197,0.0
Jacob_Murphy,67.0,105.0,4,3,0.64,0.0,1.0,0.0597,0.0,0.0842,0.0
Jairo_Riedewald,38.0,101.0,4,3,0.38,4.0,1.01,0.1053,1.0,0.05,0.1111
Jake_Eastwood,0.0,28.0,4,1,0.0,0.0,1.0,0.0,0.0,0.0,0.0
Jamaal_Lascelles,275.0,105.0,4,2,2.62,20.0,1.03,0.0145,0.2,0.3447,0.3333
Jamal_Lewis,41.0,29.0,4,2,1.41,20.0,1.03,0.0976,0.2,0.1855,0.3333
James_Chester,0.0,66.0,4,2,0.0,0.0,1.0,0.0,0.0,0.0,0.0
James_Daly,0.0,18.0,4,4,0.0,0.0,1.0,0.0,0.0,0.0,0.0
James_Garner,2.0,40.0,4,3,0.05,0.0,1.0,2.0,0.0,0.0066,0.0
James_Justin,13.0,29.0,4,2,0.45,6.0,1.01,0.3077,0.6667,0.0592,0.1111
James_Maddison,256.0,67.0,7,3,3.82,12.0,1.02,0.0273,0.5833,0.5026,0.2222
James_McArthur,390.0,143.0,5,3,2.73,17.0,1.03,0.0128,0.2941,0.3592,0.3333
James_McCarthy,61.0,143.0,4,3,0.43,11.0,1.02,0.0656,0.3636,0.0566,0.2222
James_Milner,362.0,143.0,5,3,2.53,3.0,1.01,0.0138,1.6667,0.3329,0.1111
James_Tarkowski,322.0,143.0,5,2,2.25,26.0,1.04,0.0155,0.1923,0.2961,0.4444
James_Tomkins,308.0,143.0,5,2,2.15,2.0,1.0,0.0162,2.5,0.2829,0.0
James_Ward-Prowse,363.0,143.0,5,3,2.54,16.0,1.03,0.0138,0.3125,0.3342,0.3333
Jamie_Vardy,685.0,143.0,9,4,4.79,18.0,1.03,0.0131,0.5,0.6303,0.3333
Jannik_Vestergaard,89.0,67.0,4,2,1.33,7.0,1.01,0.0449,0.5714,0.175,0.1111
Jan_Bednarek,133.0,105.0,4,2,1.27,9.0,1.02,0.0301,0.4444,0.1671,0.2222
Jan_Vertonghen,383.0,143.0,5,2,2.68,6.0,1.01,0.0131,0.8333,0.3526,0.1111
Japhet_Tanganga,17.0,11.0,4,2,1.55,10.0,1.02,0.2353,0.4,0.204,0.2222
Javier_Hernández Balcázar,188.0,105.0,6,4,1.79,0.0,1.0,0.0319,0.0,0.2355,0.0
Javier_Manquillo,182.0,141.0,4,2,1.29,10.0,1.02,0.022,0.4,0.1697,0.2222
Jay_Rodriguez,247.0,105.0,5,4,2.35,23.0,1.04,0.0202,0.2174,0.3092,0.4444
Jean-Philippe_Gbamin,4.0,29.0,4,3,0.14,0.0,1.0,1.0,0.0,0.0184,0.0
Jed_Steer,1.0,28.0,4,1,0.04,0.0,1.0,4.0,0.0,0.0053,0.0
Jefferson_Lerma,123.0,67.0,4,3,1.84,11.0,1.02,0.0325,0.3636,0.2421,0.2222
Jeffrey_Schlupp,228.0,143.0,5,3,1.59,0.0,1.0,0.0219,0.0,0.2092,0.0
Jeff_Hendrick,301.0,140.0,5,3,2.15,16.0,1.03,0.0166,0.3125,0.2829,0.3333
Jeremy_Ngakia,6.0,9.0,4,2,0.67,6.0,1.01,0.6667,0.6667,0.0882,0.1111
Jesse_Lingard,291.0,143.0,6,3,2.03,2.0,1.0,0.0206,3.0,0.2671,0.0
Jesús_Vallejo Lázaro,1.0,29.0,4,2,0.03,0.0,1.0,4.0,0.0,0.004,0.0
Jetro_Willems,64.0,29.0,4,2,2.21,0.0,1.0,0.0625,0.0,0.2908,0.0
Joelinton Cássio_Apolinário de Lira,61.0,29.0,5,4,2.1,9.0,1.02,0.082,0.5556,0.2763,0.2222
Joel_Matip,294.0,143.0,5,2,2.06,1.0,1.0,0.017,5.0,0.2711,1.0E-4
Joel_Ward,202.0,143.0,4,2,1.41,23.0,1.04,0.0198,0.1739,0.1855,0.4444
Joe_Hart,128.0,143.0,4,1,0.9,0.0,1.0,0.0313,0.0,0.1184,0.0
Johann Berg_Gudmundsson,276.0,143.0,5,3,1.93,0.0,1.0,0.0181,0.0,0.2539,0.0
John_Egan,94.0,28.0,4,2,3.36,24.0,1.04,0.0426,0.1667,0.4421,0.4444
John_Fleck,94.0,28.0,5,3,3.36,20.0,1.03,0.0532,0.25,0.4421,0.3333
John_Lundstram,128.0,28.0,4,2,4.57,24.0,1.04,0.0313,0.1667,0.6013,0.4444
John_McGinn,61.0,28.0,5,3,2.18,0.0,1.0,0.082,0.0,0.2868,0.0
John_Ruddy,7.0,67.0,4,1,0.1,0.0,1.0,0.5714,0.0,0.0132,0.0
John_Stones,236.0,142.0,5,2,1.66,2.0,1.0,0.0212,2.5,0.2184,0.0
Jonas_Lössl,234.0,105.0,4,1,2.23,0.0,1.0,0.0171,0.0,0.2934,0.0
Jonathan_Castro Otto,177.0,67.0,5,2,2.64,19.0,1.03,0.0282,0.2632,0.3474,0.3333
Jonathan_Kodjia,5.0,28.0,5,4,0.18,0.0,1.0,1.0,0.0,0.0237,0.0
Jonjo_Shelvey,181.0,105.0,4,3,1.72,5.0,1.01,0.0221,0.8,0.2263,0.1111
Jonny_Evans,342.0,143.0,5,2,2.39,20.0,1.03,0.0146,0.25,0.3145,0.3333
Jordan_Ayew,301.0,120.0,5,4,2.51,24.0,1.04,0.0166,0.2083,0.3303,0.4444
Jordan_Henderson,323.0,143.0,5,3,2.26,23.0,1.04,0.0155,0.2174,0.2974,0.4444
Jordan_Pickford,492.0,143.0,5,1,3.44,10.0,1.02,0.0102,0.5,0.4526,0.2222
Jordon_Ibe,156.0,143.0,4,3,1.09,0.0,1.0,0.0256,0.0,0.1434,0.0
Jorge Luiz_Frello Filho,177.0,67.0,4,3,2.64,16.0,1.03,0.0226,0.25,0.3474,0.3333
Jose Luis_Mato Sanmartín,99.0,143.0,5,4,0.69,0.0,1.0,0.0505,0.0,0.0908,0.0
Joseph_Anang,0.0,12.0,4,1,0.0,0.0,1.0,0.0,0.0,0.0,0.0
Joseph_Gomez,217.0,143.0,5,2,1.52,23.0,1.04,0.023,0.2174,0.2,0.4444
Joseph_Willock,30.0,57.0,4,3,0.53,3.0,1.01,0.1333,1.3333,0.0697,0.1111
Joshua_King,498.0,143.0,6,4,3.48,11.0,1.02,0.012,0.5455,0.4579,0.2222
Josh_Brownhill,1.0,5.0,4,3,0.2,1.0,1.0,4.0,4.0,0.0264,1.0E-4
Josip_Drmic,18.0,29.0,5,4,0.62,5.0,1.01,0.2778,1.0,0.0816,0.1111
José Diogo_Dalot Teixeira,31.0,67.0,4,2,0.46,2.0,1.0,0.129,2.0,0.0605,0.0
José Heriberto_Izquierdo Mena,132.0,103.0,5,3,1.28,0.0,1.0,0.0379,0.0,0.1684,0.0
José Ignacio_Peleteiro Romallo,15.0,28.0,5,3,0.54,0.0,1.0,0.3333,0.0,0.0711,0.0
José Ángel_Esmorís Tasende,11.0,28.0,4,2,0.39,0.0,1.0,0.3636,0.0,0.0513,0.0
José_Holebas,268.0,143.0,4,2,1.87,0.0,1.0,0.0149,0.0,0.2461,0.0
José_Reina,19.0,6.0,4,1,3.17,19.0,1.03,0.2105,0.2105,0.4171,0.3333
João Filipe Iria_Santos Moutinho,213.0,67.0,5,3,3.18,13.0,1.02,0.0235,0.3846,0.4184,0.2222
João Manuel_Neves Virgínia,0.0,2.0,4,1,0.0,0.0,1.0,0.0,0.0,0.0,0.0
João Pedro Cavaco_Cancelo,25.0,28.0,5,2,0.89,2.0,1.0,0.2,2.5,0.1171,0.0
João Pedro_Junqueira de Jesus,0.0,8.0,4,4,0.0,0.0,1.0,0.0,0.0,0.0,0.0
Juan_Foyth,38.0,92.0,4,2,0.41,0.0,1.0,0.1053,0.0,0.0539,0.0
Juan_Mata,308.0,143.0,6,3,2.15,6.0,1.01,0.0195,1.0,0.2829,0.1111
Junior_Stanislas,246.0,143.0,5,3,1.72,5.0,1.01,0.0203,1.0,0.2263,0.1111
Jürgen_Locadia,71.0,81.0,5,4,0.88,0.0,1.0,0.0704,0.0,0.1158,0.0
Karl_Darlow,33.0,105.0,4,1,0.31,0.0,1.0,0.1212,0.0,0.0408,0.0
Kasper_Schmeichel,471.0,143.0,5,1,3.29,29.0,1.05,0.0106,0.1724,0.4329,0.5556
Kayne_Ramsay,1.0,50.0,3,2,0.02,0.0,1.0,3.0,0.0,0.0027,0.0
Keinan_Davis,11.0,28.0,4,3,0.39,5.0,1.01,0.3636,0.8,0.0513,0.1111
Kelechi_Iheanacho,208.0,143.0,5,4,1.45,12.0,1.02,0.024,0.4167,0.1908,0.2222
Kelland_Watts,0.0,9.0,3,2,0.0,0.0,1.0,0.0,0.0,0.0,0.0
Kenny_McLean,62.0,29.0,4,3,2.14,14.0,1.02,0.0645,0.2857,0.2816,0.2222
Ken_Sema,37.0,67.0,4,3,0.55,0.0,1.0,0.1081,0.0,0.0724,0.0
Kepa_Arrizabalaga,211.0,67.0,5,1,3.15,7.0,1.01,0.0237,0.7143,0.4145,0.1111
Kevin_Danso,9.0,28.0,4,2,0.32,0.0,1.0,0.4444,0.0,0.0421,0.0
Kevin_De Bruyne,645.0,142.0,10,3,4.54,28.0,1.05,0.0155,0.3571,0.5974,0.5556
Kevin_Long,77.0,135.0,4,2,0.57,0.0,1.0,0.0519,0.0,0.075,0.0
Ki-Jana_Hoever,0.0,2.0,4,2,0.0,0.0,1.0,0.0,0.0,0.0,0.0
Kieran_Tierney,5.0,28.0,5,2,0.18,0.0,1.0,1.0,0.0,0.0237,0.0
Kieran_Trippier,282.0,143.0,5,2,1.97,0.0,1.0,0.0177,0.0,0.2592,0.0
Kieron_Freeman,0.0,28.0,4,2,0.0,0.0,1.0,0.0,0.0,0.0,0.0
Konstantinos_Mavropanos,7.0,82.0,4,2,0.09,0.0,1.0,0.5714,0.0,0.0119,0.0
Kortney_Hause,15.0,66.0,4,2,0.23,6.0,1.01,0.2667,0.6667,0.0303,0.1111
Kurt_Zouma,256.0,142.0,4,2,1.8,5.0,1.01,0.0156,0.8,0.2368,0.1111
Kyle_Walker-Peters,47.0,105.0,4,2,0.45,1.0,1.0,0.0851,4.0,0.0592,1.0E-4
Kyle_Walker,503.0,142.0,5,2,3.54,19.0,1.03,0.0099,0.2632,0.4658,0.3333
Laurent_Koscielny,283.0,142.0,5,2,1.99,0.0,1.0,0.0177,0.0,0.2618,0.0
Leander_Dendoncker,118.0,67.0,4,3,1.76,11.0,1.02,0.0339,0.3636,0.2316,0.2222
Leandro_Trossard,75.0,29.0,5,3,2.59,11.0,1.02,0.0667,0.4545,0.3408,0.2222
Lee_Grant,111.0,140.0,4,1,0.79,0.0,1.0,0.036,0.0,0.1039,0.0
Leighton_Baines,235.0,143.0,4,2,1.64,3.0,1.01,0.017,1.3333,0.2158,0.1111
Leon_Balogun,15.0,67.0,4,2,0.22,0.0,1.0,0.2667,0.0,0.029,0.0
Leon_Clarke,1.0,22.0,4,4,0.05,0.0,1.0,4.0,0.0,0.0067,0.0
Leroy_Sané,440.0,142.0,9,3,3.1,0.0,1.0,0.0205,0.0,0.4079,0.0
Lewis_Cook,129.0,143.0,5,3,0.9,5.0,1.01,0.0388,1.0,0.1184,0.1111
Lewis_Dunk,278.0,105.0,4,2,2.65,13.0,1.02,0.0144,0.3077,0.3487,0.2222
Lewis_Gibson,0.0,29.0,4,2,0.0,0.0,1.0,0.0,0.0,0.0,0.0
Liam_Gibson,0.0,6.0,4,2,0.0,0.0,1.0,0.0,0.0,0.0,0.0
Lloyd_Kelly,0.0,29.0,4,2,0.0,0.0,1.0,0.0,0.0,0.0,0.0
Lovre_Kalinic,0.0,28.0,4,1,0.0,0.0,1.0,0.0,0.0,0.0,0.0
Lucas_Digne,241.0,67.0,5,2,3.6,9.0,1.02,0.0207,0.5556,0.4737,0.2222
Lucas_Rodrigues Moura da Silva,218.0,80.0,7,3,2.73,15.0,1.03,0.0321,0.4667,0.3592,0.3333
Lucas_Torreira,122.0,66.0,4,3,1.85,9.0,1.02,0.0328,0.4444,0.2434,0.2222
Lukasz_Fabianski,475.0,143.0,4,1,3.32,12.0,1.02,0.0084,0.3333,0.4368,0.2222
Lukas_Rupp,10.0,7.0,4,3,1.43,9.0,1.02,0.4,0.4444,0.1882,0.2222
Luka_Milivojevic,414.0,120.0,6,3,3.45,4.0,1.01,0.0145,1.5,0.4539,0.1111
Luke_Amos,1.0,67.0,4,3,0.01,0.0,1.0,4.0,0.0,0.0014,0.0
Luke_Cundle,0.0,16.0,4,3,0.0,0.0,1.0,0.0,0.0,0.0,0.0
Luke_Dreher,1.0,65.0,4,3,0.02,0.0,1.0,4.0,0.0,0.0027,0.0
Luke_Freeman,11.0,28.0,5,3,0.39,0.0,1.0,0.4545,0.0,0.0513,0.0
Luke_Shaw,230.0,143.0,5,2,1.61,27.0,1.05,0.0217,0.1852,0.2118,0.5556
Lys_Mousset,149.0,142.0,4,4,1.05,6.0,1.01,0.0268,0.6667,0.1382,0.1111
Maarten_Stekelenburg,68.0,143.0,4,1,0.48,0.0,1.0,0.0588,0.0,0.0632,0.0
Mace_Goodridge,0.0,14.0,4,3,0.0,0.0,1.0,0.0,0.0,0.0,0.0
Mahmoud Ahmed_Ibrahim Hassan,58.0,28.0,5,3,2.07,8.0,1.01,0.0862,0.625,0.2724,0.1111
Mamadou_Sakho,211.0,143.0,5,2,1.48,0.0,1.0,0.0237,0.0,0.1947,0.0
Manuel_Lanzini,315.0,143.0,6,3,2.2,3.0,1.01,0.019,2.0,0.2895,0.1111
Marcos_Alonso,580.0,140.0,6,2,4.14,30.0,1.05,0.0103,0.2,0.5447,0.5556
Marcos_Rojo,105.0,143.0,4,2,0.73,0.0,1.0,0.0381,0.0,0.0961,0.0
Marco_Stiepermann,26.0,29.0,5,3,0.9,3.0,1.01,0.1923,1.6667,0.1184,0.1111
Marcus_Rashford,442.0,143.0,8,4,3.09,0.0,1.0,0.0181,0.0,0.4066,0.0
Marc_Albrighton,292.0,143.0,5,3,2.04,12.0,1.02,0.0171,0.4167,0.2684,0.2222
Marc_Navarro,2.0,67.0,3,2,0.03,0.0,1.0,1.5,0.0,0.004,0.0
Mario_Lemina,108.0,105.0,4,3,1.03,0.0,1.0,0.037,0.0,0.1355,0.0
Mario_Vrancic,20.0,29.0,6,3,0.69,2.0,1.0,0.3,3.0,0.0908,0.0
Marko_Arnautovic,378.0,143.0,7,4,2.64,0.0,1.0,0.0185,0.0,0.3474,0.0
Mark_Duffy,0.0,28.0,5,3,0.0,0.0,1.0,0.0,0.0,0.0,0.0
Mark_Noble,338.0,143.0,5,3,2.36,10.0,1.02,0.0148,0.5,0.3105,0.2222
Mark_Travers,10.0,31.0,4,1,0.32,0.0,1.0,0.4,0.0,0.0421,0.0
Martin_Dubravka,302.0,80.0,5,1,3.78,29.0,1.05,0.0166,0.1724,0.4974,0.5556
Martin_Kelly,170.0,143.0,4,2,1.19,1.0,1.0,0.0235,4.0,0.1566,1.0E-4
Martín_Montoya,105.0,67.0,4,2,1.57,7.0,1.01,0.0381,0.5714,0.2066,0.1111
Marvelous_Nakamba,35.0,28.0,4,3,1.25,9.0,1.02,0.1143,0.4444,0.1645,0.2222
Mason_Greenwood,57.0,38.0,4,4,1.5,12.0,1.02,0.0702,0.3333,0.1974,0.2222
Mason_Holgate,151.0,143.0,4,2,1.06,7.0,1.01,0.0265,0.5714,0.1395,0.1111
Mason_Mount,111.0,29.0,6,3,3.83,23.0,1.04,0.0541,0.2609,0.5039,0.4444
Matej_Vydra,48.0,105.0,5,4,0.46,17.0,1.03,0.1042,0.2941,0.0605,0.3333
Mateo_Kovacic,122.0,67.0,5,3,1.82,10.0,1.02,0.041,0.5,0.2395,0.2222
Mathew_Ryan,352.0,105.0,4,1,3.35,16.0,1.03,0.0114,0.25,0.4408,0.3333
Matteo_Darmian,111.0,143.0,4,2,0.78,0.0,1.0,0.036,0.0,0.1026,0.0
Matteo_Guendouzi,91.0,66.0,4,3,1.38,4.0,1.01,0.044,1.0,0.1816,0.1111
Matthew_Clarke,0.0,29.0,4,2,0.0,0.0,1.0,0.0,0.0,0.0,0.0
Matthew_Longstaff,25.0,25.0,4,3,1.0,2.0,1.0,0.16,2.0,0.1316,0.0
Matthew_Lowton,254.0,143.0,4,2,1.78,12.0,1.02,0.0157,0.3333,0.2342,0.2222
Matty_James,27.0,105.0,4,3,0.26,1.0,1.0,0.1481,4.0,0.0342,1.0E-4
Matt_Doherty,261.0,67.0,6,2,3.9,41.0,1.07,0.023,0.1463,0.5132,0.7778
Matt_Ritchie,256.0,105.0,5,2,2.44,16.0,1.03,0.0195,0.3125,0.3211,0.3333
Matt_Targett,110.0,142.0,4,2,0.77,11.0,1.02,0.0364,0.3636,0.1013,0.2222
Maximillian_Aarons,58.0,29.0,4,2,2.0,25.0,1.04,0.069,0.16,0.2632,0.4444
Max_Kilman,6.0,49.0,4,2,0.12,0.0,1.0,0.6667,0.0,0.0158,0.0
Max_Meyer,78.0,67.0,5,3,1.16,3.0,1.01,0.0641,1.6667,0.1526,0.1111
Maya_Yoshida,208.0,143.0,4,2,1.45,0.0,1.0,0.0192,0.0,0.1908,0.0
Mbwana_Samatta,14.0,4.0,5,4,3.5,14.0,1.02,0.3571,0.3571,0.4605,0.2222
Mesut_Özil,421.0,142.0,7,3,2.96,21.0,1.04,0.0166,0.3333,0.3895,0.4444
Michael_Keane,378.0,143.0,5,2,2.64,5.0,1.01,0.0132,1.0,0.3474,0.1111
Michael_McGovern,11.0,29.0,4,1,0.38,0.0,1.0,0.3636,0.0,0.05,0.0
Michael_Obafemi,42.0,72.0,4,4,0.58,11.0,1.02,0.0952,0.3636,0.0763,0.2222
Michael_Verrips,0.0,28.0,4,1,0.0,0.0,1.0,0.0,0.0,0.0,0.0
Michail_Antonio,357.0,143.0,6,3,2.5,18.0,1.03,0.0168,0.3333,0.3289,0.3333
Michel_Vorm,25.0,135.0,4,1,0.19,0.0,1.0,0.16,0.0,0.025,0.0
Michy_Batshuayi,149.0,119.0,6,4,1.25,4.0,1.01,0.0403,1.5,0.1645,0.1111
Miguel_Almirón,107.0,43.0,5,3,2.49,14.0,1.02,0.0467,0.3571,0.3276,0.2222
Mihai-Alexandru_Dobre,0.0,13.0,4,3,0.0,0.0,1.0,0.0,0.0,0.0,0.0
Mohamed_Elneny,58.0,142.0,4,3,0.41,0.0,1.0,0.069,0.0,0.0539,0.0
Mohamed_Elyounoussi,28.0,67.0,5,3,0.42,0.0,1.0,0.1786,0.0,0.0553,0.0
Mohamed_Salah,748.0,105.0,12,3,7.12,51.0,1.09,0.016,0.2353,0.9368,1.0
Moise_Kean,40.0,29.0,6,4,1.38,16.0,1.03,0.15,0.375,0.1816,0.3333
Morgan_Gibbs-White,45.0,67.0,4,3,0.67,1.0,1.0,0.0889,4.0,0.0882,1.0E-4
Morgan_Schneiderlin,135.0,143.0,4,3,0.94,5.0,1.01,0.0296,0.8,0.1237,0.1111
Moritz_Leitner,16.0,29.0,4,3,0.55,0.0,1.0,0.25,0.0,0.0724,0.0
Moussa_Djenepo,40.0,29.0,5,3,1.38,7.0,1.01,0.125,0.7143,0.1816,0.1111
Moussa_Sissoko,226.0,140.0,4,3,1.61,0.0,1.0,0.0177,0.0,0.2118,0.0
Muhamed_Bešić,9.0,28.0,4,3,0.32,2.0,1.0,0.4444,2.0,0.0421,0.0
N'Golo_Kanté,349.0,143.0,5,3,2.44,5.0,1.01,0.0143,1.0,0.3211,0.1111
Naby_Keita,92.0,67.0,5,3,1.37,5.0,1.01,0.0543,1.0,0.1803,0.1111
Nacho_Monreal,332.0,142.0,5,2,2.34,0.0,1.0,0.0151,0.0,0.3079,0.0
Nampalys_Mendy,71.0,142.0,4,3,0.5,2.0,1.0,0.0563,2.0,0.0658,0.0
Nathaniel_Chalobah,63.0,142.0,4,3,0.44,4.0,1.01,0.0635,1.0,0.0579,0.1111
Nathaniel_Phillips,0.0,10.0,4,2,0.0,0.0,1.0,0.0,0.0,0.0,0.0
Nathan_Aké,344.0,143.0,4,2,2.41,14.0,1.02,0.0116,0.2857,0.3171,0.2222
Nathan_Holland,2.0,25.0,4,3,0.08,0.0,1.0,2.0,0.0,0.0106,0.0
Nathan_Redmond,404.0,143.0,6,3,2.83,15.0,1.03,0.0149,0.4,0.3724,0.3333
Neal_Maupay,101.0,29.0,5,4,3.48,16.0,1.03,0.0495,0.3125,0.4579,0.3333
Neco_Williams,0.0,13.0,4,2,0.0,0.0,1.0,0.0,0.0,0.0,0.0
Neil_Taylor,39.0,66.0,4,2,0.59,0.0,1.0,0.1026,0.0,0.0776,0.0
Nemanja_Matic,288.0,143.0,4,3,2.01,18.0,1.03,0.0139,0.2222,0.2645,0.3333
Nick_Pope,280.0,143.0,4,1,1.96,39.0,1.07,0.0143,0.1026,0.2579,0.7778
Nicolas_Pépé,88.0,28.0,9,3,3.14,29.0,1.05,0.1023,0.3103,0.4132,0.5556
Nicolás_Otamendi,392.0,142.0,5,2,2.76,19.0,1.03,0.0128,0.2632,0.3632,0.3333
Nya_Kirby,0.0,20.0,4,3,0.0,0.0,1.0,0.0,0.0,0.0,0.0
Oleksandr_Zinchenko,91.0,136.0,5,2,0.67,5.0,1.01,0.0549,1.0,0.0882,0.1111
Oliver_McBurnie,79.0,102.0,5,4,0.77,11.0,1.02,0.0633,0.4545,0.1013,0.2222
Oliver_Norwood,77.0,66.0,4,3,1.17,17.0,1.03,0.0519,0.2353,0.1539,0.3333
Oliver_Skipp,16.0,60.0,4,3,0.27,1.0,1.0,0.25,4.0,0.0355,1.0E-4
Olivier_Giroud,276.0,143.0,6,4,1.93,21.0,1.04,0.0217,0.2857,0.2539,0.4444
Ondrej_Duda,19.0,7.0,4,3,2.71,13.0,1.02,0.2105,0.3077,0.3566,0.2222
Onel_Hernández,33.0,29.0,5,3,1.14,2.0,1.0,0.1515,2.5,0.15,0.0
Oriol_Romeu Vidal,239.0,143.0,4,3,1.67,6.0,1.01,0.0167,0.6667,0.2197,0.1111
Oskar_Buur,0.0,10.0,4,2,0.0,0.0,1.0,0.0,0.0,0.0,0.0
Oumar_Niasse,160.0,123.0,4,4,1.3,1.0,1.0,0.025,4.0,0.1711,1.0E-4
Owen_Otasowie,0.0,16.0,4,3,0.0,0.0,1.0,0.0,0.0,0.0,0.0
Pablo_Fornals,71.0,29.0,6,3,2.45,18.0,1.03,0.0845,0.3333,0.3224,0.3333
Pablo_Marí,7.0,4.0,4,2,1.75,7.0,1.01,0.5714,0.5714,0.2303,0.1111
Pablo_Zabaleta,201.0,143.0,4,2,1.41,1.0,1.0,0.0199,4.0,0.1855,1.0E-4
Panagiotis_Retsos,0.0,3.0,4,2,0.0,0.0,1.0,0.0,0.0,0.0,0.0
Pascal_Groß,313.0,105.0,6,3,2.98,10.0,1.02,0.0192,0.6,0.3921,0.2222
Patrick_Cutrone,23.0,29.0,5,4,0.79,0.0,1.0,0.2174,0.0,0.104,0.0
Patrick_Roberts,3.0,29.0,5,3,0.1,0.0,1.0,1.6667,0.0,0.0132,0.0
Patrick_van Aanholt,420.0,143.0,5,2,2.94,32.0,1.05,0.0119,0.1563,0.3868,0.5556
Paulo_Gazzaniga,80.0,130.0,4,1,0.62,1.0,1.0,0.05,4.0,0.0816,1.0E-4
Paul_Dummett,163.0,105.0,4,2,1.55,0.0,1.0,0.0245,0.0,0.2039,0.0
Paul_Pogba,449.0,143.0,8,3,3.14,0.0,1.0,0.0178,0.0,0.4132,0.0
Pedro_Lomba Neto,42.0,29.0,5,3,1.45,8.0,1.01,0.119,0.625,0.1908,0.1111
Pedro_Obiang,152.0,143.0,4,3,1.06,0.0,1.0,0.0263,0.0,0.1395,0.0
Pedro_Rodríguez Ledesma,385.0,143.0,6,3,2.69,20.0,1.03,0.0156,0.3,0.3539,0.3333
Philip_Billing,145.0,105.0,5,3,1.38,20.0,1.03,0.0345,0.25,0.1816,0.3333
Philip_Heise,0.0,29.0,3,2,0.0,0.0,1.0,0.0,0.0,0.0,0.0
Phil_Bardsley,141.0,143.0,4,2,0.99,19.0,1.03,0.0284,0.2105,0.1303,0.3333
Phil_Foden,52.0,104.0,5,3,0.5,3.0,1.01,0.0962,1.6667,0.0658,0.1111
Phil_Jagielka,190.0,142.0,4,2,1.34,0.0,1.0,0.0211,0.0,0.1763,0.0
Phil_Jones,216.0,143.0,4,2,1.51,1.0,1.0,0.0185,4.0,0.1987,1.0E-4
Pierre-Emerick_Aubameyang,444.0,79.0,11,4,5.62,25.0,1.04,0.0248,0.44,0.7395,0.4444
Pierre-Emile_Højbjerg,233.0,143.0,4,3,1.63,14.0,1.02,0.0172,0.2857,0.2145,0.2222
Pontus_Dahlberg,0.0,67.0,4,1,0.0,0.0,1.0,0.0,0.0,0.0,0.0
Rachid_Ghezzal,28.0,67.0,5,3,0.42,0.0,1.0,0.1786,0.0,0.0553,0.0
Rafael_Camacho,1.0,59.0,4,3,0.02,0.0,1.0,4.0,0.0,0.0027,0.0
Raheem_Sterling,730.0,142.0,11,3,5.14,8.0,1.01,0.0151,1.375,0.6763,0.1111
Ralf_Fahrmann,1.0,29.0,4,1,0.03,0.0,1.0,4.0,0.0,0.004,0.0
Ravel_Morrison,1.0,28.0,4,3,0.04,0.0,1.0,4.0,0.0,0.0053,0.0
Raúl_Jiménez,328.0,67.0,8,4,4.9,26.0,1.04,0.0244,0.3077,0.6447,0.4444
Reece_James,45.0,29.0,5,2,1.55,6.0,1.01,0.1111,0.8333,0.2039,0.1111
Reiss_Nelson,24.0,104.0,5,3,0.23,1.0,1.0,0.2083,5.0,0.0303,1.0E-4
Rhian_Brewster,0.0,34.0,4,4,0.0,0.0,1.0,0.0,0.0,0.0,0.0
Rhu-endly_Martina,0.0,13.0,4,2,0.0,0.0,1.0,0.0,0.0,0.0,0.0
Ricardo Domingos_Barbosa Pereira,269.0,67.0,6,2,4.01,29.0,1.05,0.0223,0.2069,0.5276,0.5556
Richairo_Zivkovic,0.0,4.0,4,4,0.0,0.0,1.0,0.0,0.0,0.0,0.0
Richard_Stearman,0.0,28.0,3,2,0.0,0.0,1.0,0.0,0.0,0.0,0.0
Richarlison_de Andrade,411.0,105.0,8,3,3.91,25.0,1.04,0.0195,0.32,0.5145,0.4444
Riyad_Mahrez,538.0,142.0,8,3,3.79,15.0,1.03,0.0149,0.5333,0.4987,0.3333
Robbie_Brady,144.0,120.0,5,3,1.2,1.0,1.0,0.0347,5.0,0.1579,1.0E-4
Robert Kenedy_Nunes do Nascimento,104.0,143.0,5,3,0.73,0.0,1.0,0.0481,0.0,0.0961,0.0
Roberto_Firmino,651.0,143.0,9,4,4.55,21.0,1.04,0.0138,0.4286,0.5987,0.4444
Roberto_Jimenez Gago,18.0,29.0,4,1,0.62,0.0,1.0,0.2222,0.0,0.0816,0.0
Roberto_Pereyra,297.0,141.0,5,3,2.11,16.0,1.03,0.0168,0.3125,0.2776,0.3333
Robert_Elliot,57.0,89.0,4,1,0.64,0.0,1.0,0.0702,0.0,0.0842,0.0
Robert_Snodgrass,305.0,143.0,5,3,2.13,29.0,1.05,0.0164,0.1724,0.2803,0.5556
Rob_Holding,85.0,142.0,4,2,0.6,1.0,1.0,0.0471,4.0,0.0789,1.0E-4
Rodrigo_Hernandez,73.0,28.0,5,3,2.61,18.0,1.03,0.0685,0.2778,0.3434,0.3333
Rolando_Aarons,5.0,67.0,4,3,0.07,0.0,1.0,0.8,0.0,0.0092,0.0
Romain_Saïss,120.0,67.0,4,2,1.79,33.0,1.06,0.0333,0.1212,0.2355,0.6667
Romelu_Lukaku,498.0,143.0,8,4,3.48,0.0,1.0,0.0161,0.0,0.4579,0.0
Ross_Barkley,263.0,143.0,5,3,1.84,24.0,1.04,0.019,0.2083,0.2421,0.4444
Ruben_Loftus-Cheek,162.0,143.0,6,3,1.13,0.0,1.0,0.037,0.0,0.1487,0.0
Rui Pedro_dos Santos Patrício,234.0,67.0,5,1,3.49,35.0,1.06,0.0214,0.1429,0.4592,0.6667
Ryan_Bennett,110.0,67.0,4,2,1.64,0.0,1.0,0.0364,0.0,0.2158,0.0
Ryan_Bertrand,331.0,143.0,4,2,2.31,16.0,1.03,0.0121,0.25,0.3039,0.3333
Ryan_Fraser,451.0,142.0,6,3,3.18,17.0,1.03,0.0133,0.3529,0.4184,0.3333
Ryan_Fredericks,95.0,67.0,4,2,1.42,2.0,1.0,0.0421,2.0,0.1868,0.0
Ryan_Giles,0.0,7.0,3,2,0.0,0.0,1.0,0.0,0.0,0.0,0.0
Ryan_Sessegnon,103.0,67.0,5,3,1.54,2.0,1.0,0.0485,2.5,0.2026,0.0
Rúben Diogo_da Silva Neves,175.0,67.0,5,3,2.61,14.0,1.02,0.0286,0.3571,0.3434,0.2222
Rúben Gonçalo_Silva Nascimento Vinagre,47.0,67.0,4,2,0.7,8.0,1.01,0.0851,0.5,0.0921,0.1111
Sadio_Mané,709.0,143.0,12,3,4.96,28.0,1.05,0.0169,0.4286,0.6526,0.5556
Sam_Byram,66.0,143.0,4,2,0.46,8.0,1.01,0.0606,0.5,0.0605,0.1111
Sam_Gallagher,4.0,46.0,4,4,0.09,0.0,1.0,1.0,0.0,0.0119,0.0
Sam_Surridge,3.0,43.0,4,4,0.07,0.0,1.0,1.3333,0.0,0.0092,0.0
Sam_Woods,0.0,19.0,3,2,0.0,0.0,1.0,0.0,0.0,0.0,0.0
Sander_Berge,8.0,4.0,4,3,2.0,8.0,1.01,0.5,0.5,0.2632,0.1111
Scott_Carson,0.0,17.0,4,1,0.0,0.0,1.0,0.0,0.0,0.0,0.0
Scott_Dann,153.0,143.0,4,2,1.07,22.0,1.04,0.0261,0.1818,0.1408,0.4444
Scott_McTominay,126.0,110.0,4,3,1.15,9.0,1.02,0.0317,0.4444,0.1513,0.2222
Sead_Kolasinac,224.0,104.0,5,2,2.15,1.0,1.0,0.0223,5.0,0.2829,1.0E-4
Seamus_Coleman,331.0,143.0,5,2,2.31,3.0,1.01,0.0151,1.6667,0.3039,0.1111
Sean_Longstaff,63.0,65.0,5,3,0.97,7.0,1.01,0.0794,0.7143,0.1276,0.1111
Sebastian_Prödl,111.0,143.0,3,2,0.78,0.0,1.0,0.027,0.0,0.1026,0.0
Serge_Aurier,186.0,102.0,5,2,1.82,22.0,1.04,0.0269,0.2273,0.2395,0.4444
Sergio_Agüero,669.0,142.0,11,4,4.71,22.0,1.04,0.0164,0.5,0.6197,0.4445
Sergio_Romero,30.0,143.0,4,1,0.21,0.0,1.0,0.1333,0.0,0.0276,0.0
Shane_Duffy,251.0,105.0,4,2,2.39,5.0,1.01,0.0159,0.8,0.3145,0.1111
Shane_Long,229.0,143.0,4,4,1.6,19.0,1.03,0.0175,0.2105,0.2105,0.3333
Shkodran_Mustafi,305.0,139.0,5,2,2.19,20.0,1.03,0.0164,0.25,0.2882,0.3333
Simon_Francis,201.0,143.0,4,2,1.41,4.0,1.01,0.0199,1.0,0.1855,0.1111
Simon_Mignolet,177.0,143.0,4,1,1.24,0.0,1.0,0.0226,0.0,0.1632,0.0
Simon_Moore,1.0,28.0,4,1,0.04,0.0,1.0,4.0,0.0,0.0053,0.0
Sofiane_Boufal,128.0,140.0,5,3,0.91,5.0,1.01,0.0391,1.0,0.1197,0.1111
Sokratis_Papastathopoulos,121.0,66.0,4,2,1.83,5.0,1.01,0.0331,0.8,0.2408,0.1111
Solomon_March,198.0,105.0,4,3,1.89,9.0,1.02,0.0202,0.4444,0.2487,0.2222
Stephen_Henderson,0.0,21.0,4,1,0.0,0.0,1.0,0.0,0.0,0.0,0.0
Steven_Alzate,33.0,25.0,4,3,1.32,4.0,1.01,0.1212,1.0,0.1737,0.1111
Steven_Bergwijn,22.0,5.0,7,3,4.4,22.0,1.04,0.3182,0.3182,0.579,0.4444
Steven_Defour,126.0,142.0,5,3,0.89,0.0,1.0,0.0397,0.0,0.1171,0.0
Steve_Cook,326.0,143.0,5,2,2.28,2.0,1.0,0.0153,2.5,0.3,0.0
Stuart_Armstrong,133.0,67.0,5,3,1.99,22.0,1.04,0.0376,0.2273,0.2618,0.4444
Sung-yueng_Ki,156.0,143.0,4,3,1.09,0.0,1.0,0.0256,0.0,0.1434,0.0
Sébastien_Haller,97.0,29.0,6,4,3.34,16.0,1.03,0.0619,0.375,0.4395,0.3333
Tahith_Chong,5.0,40.0,4,3,0.13,1.0,1.0,0.8,4.0,0.0171,1.0E-4
Takumi_Minamino,3.0,9.0,6,3,0.33,2.0,1.0,2.0,3.0,0.0435,0.0
Tammy_Abraham,217.0,105.0,7,4,2.07,8.0,1.01,0.0323,0.875,0.2724,0.1111
Tanguy_Ndombele,44.0,29.0,5,3,1.52,8.0,1.01,0.1136,0.625,0.2,0.1111
Tariq_Lamptey,1.0,10.0,4,2,0.1,0.0,1.0,4.0,0.0,0.0132,0.0
Taylor_Perry,0.0,19.0,4,3,0.0,0.0,1.0,0.0,0.0,0.0,0.0
Teemu_Pukki,127.0,29.0,6,4,4.38,18.0,1.03,0.0472,0.3333,0.5763,0.3333
Theo_Walcott,334.0,143.0,6,3,2.34,18.0,1.03,0.018,0.3333,0.3079,0.3333
Thomas_Allan,0.0,8.0,4,3,0.0,0.0,1.0,0.0,0.0,0.0,0.0
Timm_Klose,0.0,29.0,4,2,0.0,0.0,1.0,0.0,0.0,0.0,0.0
Tim_Krul,91.0,64.0,4,1,1.42,26.0,1.04,0.044,0.1538,0.1868,0.4444
Toby_Alderweireld,336.0,143.0,5,2,2.35,15.0,1.03,0.0149,0.3333,0.3092,0.3333
Todd_Cantwell,100.0,29.0,4,3,3.45,11.0,1.02,0.04,0.3636,0.4539,0.2222
Tomas_Soucek,6.0,5.0,4,3,1.2,6.0,1.01,0.6667,0.6667,0.1579,0.1111
Tom_Cleverley,163.0,143.0,4,3,1.14,1.0,1.0,0.0245,4.0,0.15,1.0E-4
Tom_Davies,197.0,143.0,5,3,1.38,4.0,1.01,0.0254,1.25,0.1816,0.1111
Tom_Heaton,274.0,142.0,4,1,1.93,0.0,1.0,0.0146,0.0,0.2539,0.0
Tom_Trybull,25.0,29.0,4,3,0.86,0.0,1.0,0.16,0.0,0.1132,0.0
Trent_Alexander-Arnold,442.0,143.0,7,2,3.09,33.0,1.06,0.0158,0.2121,0.4066,0.6667
Troy_Deeney,389.0,143.0,6,4,2.72,31.0,1.05,0.0154,0.1935,0.3579,0.5556
Troy_Parrott,2.0,29.0,4,4,0.07,1.0,1.0,2.0,4.0,0.0093,1.0E-4
Tudor_Baluta,0.0,25.0,4,2,0.0,0.0,1.0,0.0,0.0,0.0,0.0
Tyreece_John-Jules,0.0,9.0,4,4,0.0,0.0,1.0,0.0,0.0,0.0,0.0
Tyreke_Johnson,1.0,51.0,4,3,0.02,0.0,1.0,4.0,0.0,0.0027,0.0
Tyrick_Mitchell,0.0,13.0,4,2,0.0,0.0,1.0,0.0,0.0,0.0,0.0
Tyrone_Mings,68.0,142.0,4,2,0.48,12.0,1.02,0.0588,0.3333,0.0632,0.2222
Valentino_Lazaro,3.0,5.0,5,3,0.6,3.0,1.01,1.6667,1.6667,0.079,0.1111
Vicente_Guaita,197.0,67.0,5,1,2.94,32.0,1.05,0.0254,0.1563,0.3868,0.5556
Victor_Lindelöf,211.0,105.0,5,2,2.01,21.0,1.04,0.0237,0.2381,0.2645,0.4444
Victor_Wanyama,160.0,143.0,4,3,1.12,0.0,1.0,0.025,0.0,0.1474,0.0
Vincent_Janssen,59.0,110.0,4,4,0.54,0.0,1.0,0.0678,0.0,0.0711,0.0
Virgil_van Dijk,502.0,143.0,6,2,3.51,26.0,1.04,0.012,0.2308,0.4618,0.4444
Víctor_Camarasa,107.0,67.0,4,3,1.6,0.0,1.0,0.0374,0.0,0.2105,0.0
Wayne_Hennessey,264.0,143.0,4,1,1.85,0.0,1.0,0.0152,0.0,0.2434,0.0
Wesley_Hoedt,103.0,103.0,4,2,1.0,0.0,1.0,0.0388,0.0,0.1316,0.0
Wesley_Moraes,67.0,28.0,5,4,2.39,0.0,1.0,0.0746,0.0,0.3145,0.0
Wes_Morgan,209.0,143.0,4,2,1.46,2.0,1.0,0.0191,2.0,0.1921,0.0
Wilfred_Ndidi,293.0,123.0,5,3,2.38,5.0,1.01,0.0171,1.0,0.3132,0.1111
Wilfried_Zaha,523.0,143.0,6,3,3.66,17.0,1.03,0.0115,0.3529,0.4816,0.3333
William_Smallbone,5.0,10.0,4,3,0.5,5.0,1.01,0.8,0.8,0.0658,0.1111
Willian_Borges Da Silva,465.0,143.0,6,3,3.25,19.0,1.03,0.0129,0.3158,0.4276,0.3333
Willy_Boly,180.0,67.0,4,2,2.69,26.0,1.04,0.0222,0.1538,0.3539,0.4444
Willy_Caballero,95.0,143.0,4,1,0.66,7.0,1.01,0.0421,0.5714,0.0868,0.1111
Will_Hughes,190.0,105.0,5,3,1.81,8.0,1.01,0.0263,0.625,0.2382,0.1111
Will_Norris,1.0,67.0,3,1,0.01,0.0,1.0,3.0,0.0,0.0014,0.0
Winston_Reid,144.0,143.0,4,2,1.01,0.0,1.0,0.0278,0.0,0.1329,0.0
Xherdan_Shaqiri,337.0,143.0,6,3,2.36,0.0,1.0,0.0178,0.0,0.3105,0.0
Yan_Valery,65.0,54.0,4,2,1.2,2.0,1.0,0.0615,2.0,0.1579,0.0
Yerry_Mina,109.0,67.0,5,2,1.63,22.0,1.04,0.0459,0.2273,0.2145,0.4444
Yoshinori_Muto,32.0,67.0,5,4,0.48,0.0,1.0,0.1563,0.0,0.0632,0.0
Youri_Tielemans,158.0,43.0,6,3,3.67,18.0,1.03,0.038,0.3333,0.4829,0.3333
Yves_Bissouma,62.0,67.0,5,3,0.93,6.0,1.01,0.0806,0.8333,0.1224,0.1111
Çaglar_Söyüncü,112.0,67.0,5,2,1.67,20.0,1.03,0.0446,0.25,0.2197,0.3333
Ørjan_Nyland,3.0,28.0,4,1,0.11,0.0,1.0,1.3333,0.0,0.0145,0.0
